{
	"agcgw":{
		"backurl":"connect-dra.hispace.hicloud.com",
		"url":"connect-dra.dbankcloud.cn",
		"websocketbackurl":"connect-ws-dra.hispace.dbankcloud.com",
		"websocketurl":"connect-ws-dra.hispace.dbankcloud.cn"
	},
	"agcgw_all":{
		"CN":"connect-drcn.dbankcloud.cn",
		"CN_back":"connect-drcn.hispace.hicloud.com",
		"DE":"connect-dre.dbankcloud.cn",
		"DE_back":"connect-dre.hispace.hicloud.com",
		"RU":"connect-drru.hispace.dbankcloud.ru",
		"RU_back":"connect-drru.hispace.dbankcloud.cn",
		"SG":"connect-dra.dbankcloud.cn",
		"SG_back":"connect-dra.hispace.hicloud.com"
	},
	"websocketgw_all":{
		"CN":"connect-ws-drcn.hispace.dbankcloud.cn",
		"CN_back":"connect-ws-drcn.hispace.dbankcloud.com",
		"DE":"connect-ws-dre.hispace.dbankcloud.cn",
		"DE_back":"connect-ws-dre.hispace.dbankcloud.com",
		"RU":"connect-ws-drru.hispace.dbankcloud.ru",
		"RU_back":"connect-ws-drru.hispace.dbankcloud.cn",
		"SG":"connect-ws-dra.hispace.dbankcloud.cn",
		"SG_back":"connect-ws-dra.hispace.dbankcloud.com"
	},
	"client":{
		"cp_id":"2640062000000632725",
		"product_id":"99536292102652271",
		"project_id":"99536292102652271",
		"app_id":"107155491",
		"package_name":"mellobank.mellobank.com"
	},
	"oauth_client":{
		"client_id":"107155491",
		"client_type":1
	},
	"app_info":{
		"app_id":"107155491",
		"package_name":"mellobank.mellobank.com"
	},
	"service":{
		"analytics":{
			"collector_url":"datacollector-dra.dt.hicloud.com,datacollector-dra.dt.dbankcloud.cn",
			"collector_url_ru":"datacollector-drru.dt.dbankcloud.ru,datacollector-drru.dt.hicloud.com",
			"collector_url_sg":"datacollector-dra.dt.hicloud.com,datacollector-dra.dt.dbankcloud.cn",
			"collector_url_de":"datacollector-dre.dt.hicloud.com,datacollector-dre.dt.dbankcloud.cn",
			"collector_url_cn":"datacollector-drcn.dt.hicloud.com,datacollector-drcn.dt.dbankcloud.cn",
			"resource_id":"p1",
			"channel_id":""
		},
		"search":{
			"url":"https://search-dra.cloud.huawei.com"
		},
		"cloudstorage":{
			"storage_url_sg_back":"https://agc-storage-dra.cloud.huawei.asia",
			"storage_url_ru_back":"https://agc-storage-drru.cloud.huawei.ru",
			"storage_url_ru":"https://agc-storage-drru.cloud.huawei.ru",
			"storage_url_de_back":"https://agc-storage-dre.cloud.huawei.eu",
			"storage_url_de":"https://ops-dre.agcstorage.link",
			"storage_url":"https://agc-storage-drcn.platform.dbankcloud.cn",
			"storage_url_sg":"https://ops-dra.agcstorage.link",
			"storage_url_cn_back":"https://agc-storage-drcn.cloud.huawei.com.cn",
			"storage_url_cn":"https://agc-storage-drcn.platform.dbankcloud.cn",
			"default_storage":"mbase-gh3h2"
		},
		"ml":{
			"mlservice_url":"ml-api-dra.ai.dbankcloud.com,ml-api-dra.ai.dbankcloud.cn"
		}
	},
	"region":"SG",
	"configuration_version":"3.0",
	"appInfos":[
		{
			"package_name":"mellobank.mellobank.com",
			"client":{
				"app_id":"107155491"
			},
			"app_info":{
				"package_name":"mellobank.mellobank.com",
				"app_id":"107155491"
			},
			"oauth_client":{
				"client_type":1,
				"client_id":"107155491"
			}
		},
		{
			"package_name":"KOSASIH.Omap.com.huawei",
			"client":{
				"app_id":"107152943"
			},
			"app_info":{
				"package_name":"KOSASIH.Omap.com.huawei",
				"app_id":"107152943"
			},
			"oauth_client":{
				"client_type":1,
				"client_id":"107152943"
			}
		}
	]
}